{"cameraMode":{"drawMode":0,"name":"Shaded","section":"Shading Mode"},"sceneLighting":true,"audioPlay":false,"sceneViewState":{"m_AlwaysRefresh":false,"showFog":true,"showSkybox":true,"showFlares":true,"showImageEffects":true,"showParticleSystems":true,"showVisualEffectGraphs":true,"m_FxEnabled":true},"in2DMode":false,"pivot":{"x":18.08478546142578,"y":23.384654998779298,"z":14.210395812988282},"rotation":{"x":-0.13764621317386628,"y":0.8590248227119446,"z":-0.38703203201293948,"w":-0.30551213026046755},"size":26.315216064453126,"orthographic":false}